"Reversed left context";"Reversed center";"Left context";"Center";"Punct";"Right context";"Title";"Author";"Birthday";"Header";"Created";"Sphere";"Type";"Topic";"Publication";"Publ_year";"Medium";"Ambiguity";"Audience_age";"Sentences";"Words";"Full context";"Example source"
" йом ,ароН ,акженсолеБ яом ,ароН";"йынженс";"Нора, моя Белоснежка, Нора, мой";"снежный";" ";"цветик, Мой облачный барашек.";"Е. Г. Гуро. «Нора, моя Белоснежка…» (1913)";"Е. Г. Гуро";"1877";"«Нора, моя Белоснежка…»";"1913";"художественная";"";"";"";"2002";"книга";"омонимия не снята";"";"5";"73";"Нора, моя Белоснежка, Нора, мой снежный цветик, Мой облачный барашек.";"93e5615e886d0e9177972c75c14d5e23:1:5"
" ,ыт хО";"яанженс";"Ох ты,";"снежная";" ";"королева, Облачное руно, Нежное перышко, Ты";"Е. Г. Гуро. «Нора, моя Белоснежка…» (1913)";"Е. Г. Гуро";"1877";"«Нора, моя Белоснежка…»";"1913";"художественная";"";"";"";"2002";"книга";"омонимия не снята";"";"5";"73";"Ох ты, снежная королева, Облачное руно, Нежное перышко, Ты, горный эдельвейс, Нора, моя мерцающая волна, Нора, мой сладко мерцающий сон!";"93e5615e886d0e9177972c75c14d5e23:2:2"
" еоМ";"еонженс";"Мое";"снежное";" ";"облако, Моя снежная сказка, Эдельвейс с";"Е. Г. Гуро. «Нора, моя Белоснежка…» (1913)";"Е. Г. Гуро";"1877";"«Нора, моя Белоснежка…»";"1913";"художественная";"";"";"";"2002";"книга";"омонимия не снята";"";"5";"73";"Мое снежное облако, Моя снежная сказка, Эдельвейс с горы, Много милее тебя!(1913)";"93e5615e886d0e9177972c75c14d5e23:4:1"
" яоМ ,окалбо еонженс еоМ";"яанженс";"Мое снежное облако, Моя";"снежная";" ";"сказка, Эдельвейс с горы, Много милее";"Е. Г. Гуро. «Нора, моя Белоснежка…» (1913)";"Е. Г. Гуро";"1877";"«Нора, моя Белоснежка…»";"1913";"художественная";"";"";"";"2002";"книга";"омонимия не снята";"";"5";"73";"Мое снежное облако, Моя снежная сказка, Эдельвейс с горы, Много милее тебя!(1913)";"93e5615e886d0e9177972c75c14d5e23:4:4"
" еинеживд ,иксод мецнлос миннесев дан илхитС";"мынсарк";"Стихли над весенним солнцем доски, движение";"красным";" ";"воскликом мчалось.";"Е. Г. Гуро. «Стихли над весенним солнцем доски…» (1913)";"Е. Г. Гуро";"1877";"«Стихли над весенним солнцем доски…»";"1913";"художественная";"";"";"";"2002";"книга";"омонимия не снята";"";"7";"53";"Стихли над весенним солнцем доски, движение красным воскликом мчалось.";"09a5a3b1df666e48d82f0da0b2e91851:0:6"
" с икшувед И ,доваз йонвип ииднялруК";"имынреч";"Курляндии пивной завод, И девушки с";"черными";" ";"косами.(1913)";"Е. Г. Гуро. «Стихли над весенним солнцем доски…» (1913)";"Е. Г. Гуро";"1877";"«Стихли над весенним солнцем доски…»";"1913";"художественная";"";"";"";"2002";"книга";"омонимия не снята";"";"7";"53";"В Курляндии пивной завод, И девушки с черными косами.(1913)";"09a5a3b1df666e48d82f0da0b2e91851:6:7"
" ан тижеЛ зор хиннесев конеВ";"мовозор";"Венок весенних роз Лежит на";"розовом";" ";"озере.";"Е. Г. Гуро. Из сладостных  («Венок весенних роз…») (1913)";"Е. Г. Гуро";"1877";"Из сладостных  («Венок весенних роз…»)";"1913";"художественная";"";"";"";"2002";"книга";"омонимия не снята";"";"17";"123";"Венок весенних роз Лежит на розовом озере.";"0f526df5ab2fdee8866bcc157e7e638a:2:5"
" яанжучмеж ьтсонженсолеБ иклаиф иледаз мофйелШ";"оговолиЛ";"Шлейфом задели фиалки Белоснежность жемчужная";"Лилового";" ";"бархата на лугу Зелени майской.";"Е. Г. Гуро. Из сладостных  («Венок весенних роз…») (1913)";"Е. Г. Гуро";"1877";"Из сладостных  («Венок весенних роз…»)";"1913";"художественная";"";"";"";"2002";"книга";"омонимия не снята";"";"17";"123";"Шлейфом задели фиалки Белоснежность жемчужная Лилового бархата на лугу Зелени майской.";"0f526df5ab2fdee8866bcc157e7e638a:4:5"
" янок С";"огоноров";"С коня";"вороного";" ";"спрыгнул, Склонился, пока повяжет Нежный узор";"Е. Г. Гуро. Из сладостных  («Венок весенних роз…») (1913)";"Е. Г. Гуро";"1877";"Из сладостных  («Венок весенних роз…»)";"1913";"художественная";"";"";"";"2002";"книга";"омонимия не снята";"";"17";"123";"С коня вороного спрыгнул, Склонился, пока повяжет Нежный узор «Эдита» Бисером или шелком.";"0f526df5ab2fdee8866bcc157e7e638a:7:2"
" ирузал в тушялп ытраднатШ";"йортсеП";"Штандарты пляшут в лазури";"Пестрой";" ";"улыбкой.";"Е. Г. Гуро. Из сладостных  («Венок весенних роз…») (1913)";"Е. Г. Гуро";"1877";"Из сладостных  («Венок весенних роз…»)";"1913";"художественная";"";"";"";"2002";"книга";"омонимия не снята";"";"17";"123";"Лес копий истомленный, Точно лес мачт победных. Штандарты пляшут в лазури Пестрой улыбкой. Все глаза устремились вперед Чья-то рука в волнении Машет платочком.";"0f526df5ab2fdee8866bcc157e7e638a:14:4"
" юьлып ынера С ,могзив с яьпок";"йонсарк";"копья с визгом, С арены пылью";"красной";" ";"закрылись ложи(1913)";"Е. Г. Гуро. Из сладостных  («Венок весенних роз…») (1913)";"Е. Г. Гуро";"1877";"Из сладостных  («Венок весенних роз…»)";"1913";"художественная";"";"";"";"2002";"книга";"омонимия не снята";"";"17";"123";"Помчались единороги в попонах большеглазых, Опущены забрала, лязгнули копья с визгом, С арены пылью красной закрылись ложи(1913)";"0f526df5ab2fdee8866bcc157e7e638a:16:14"
" зеб йогород йоннилд тудерб отдуб ,ьнзиж";"алпет";"жизнь, будто бредут длинной дорогой без";"тепла";".  ";"";"Е. Г. Гуро. Моему брату  («Помолись за меня — ты…») (1913)";"Е. Г. Гуро";"1877";"Моему брату  («Помолись за меня — ты…»)";"1913";"художественная";"";"";"";"2002";"книга";"омонимия не снята";"";"15";"142";"Также я думаю о тех, кто на свете в чудаках, кто за это в обиде у людей, позасунуты в уголках ― озябшие без ласки, плетут неумелую жизнь, будто бредут длинной дорогой без тепла.";"bbf2f6e64c4cf92b3b576d4e4cb8eef2:8:31"
" ынежасан едг ,икинтевц еижуч в ьсиледялгаЗ";"еикьневозор";"Загляделись в чужие цветники, где насажены";"розовенькие";" ";"и лиловенькие цветы для своих, для";"Е. Г. Гуро. Моему брату  («Помолись за меня — ты…») (1913)";"Е. Г. Гуро";"1877";"Моему брату  («Помолись за меня — ты…»)";"1913";"художественная";"";"";"";"2002";"книга";"омонимия не снята";"";"15";"142";"Загляделись в чужие цветники, где насажены розовенькие и лиловенькие цветы для своих, для домашних.";"bbf2f6e64c4cf92b3b576d4e4cb8eef2:9:6"
" ером ан я уребдоп от-икченед";"еолтевс";"денечки-то подберу я на море";"светлое";" ";"за ними побегу.";"Е. Г. Гуро. Шалопай  («Ах, деньки деньки маются!..») (1913)";"Е. Г. Гуро";"1877";"Шалопай  («Ах, деньки деньки маются!..»)";"1913";"художественная";"";"";"";"2002";"книга";"омонимия не снята";"";"15";"110";"Мама, мама, мамочка ― Не сердись ― я на днях денечки-то подберу я на море светлое за ними побегу.";"e0403c67b17f0698889e71ae86856ae4:7:14"
" йеом лащебо емам хи Я";"йоворус";"Я их маме обещал моей";"суровой";" ";"Моя мама строгая; ― точь-в-точь я, как";"Е. Г. Гуро. Шалопай  («Ах, деньки деньки маются!..») (1913)";"Е. Г. Гуро";"1877";"Шалопай  («Ах, деньки деньки маются!..»)";"1913";"художественная";"";"";"";"2002";"книга";"омонимия не снята";"";"15";"110";"Я их маме обещал моей суровой Моя мама строгая; ― точь-в-точь я, как день ― она как ночь!………………………………….";"e0403c67b17f0698889e71ae86856ae4:9:5"
" С";"йонсарк";"С";"красной";" ";"да полосочкой, ― ходкая, мигнуть.";"Е. Г. Гуро. [Лодочка]  («У него ли рыбочка…») (1910-1913)";"Е. Г. Гуро";"1877";"[Лодочка]  («У него ли рыбочка…»)";"1910-1913";"художественная";"";"";"";"2002";"книга";"омонимия не снята";"";"13";"65";"Рыбка моя, лодочка, не посмей тонуть. С красной да полосочкой, ― ходкая, мигнуть. Хор";"5238d6ac1aa59f14d557c4f8f3ab9808:5:1"
" медЖ ,йоньлетимот емьт ов медж ябет";"алпет";"тебя ждем во тьме томительной, Ждем";"тепла";" ";"твоей любви…";"Е. Г. Гуро. «Возлюбив боль поругания…» (1910-1913)";"Е. Г. Гуро";"1877";"«Возлюбив боль поругания…»";"1910-1913";"художественная";"";"";"";"2002";"книга";"омонимия не снята";"";"10";"99";"Мы все тебя ждем во тьме томительной, Ждем тепла твоей любви…";"cfcc0fe64503b93bb1025d926408e294:6:8"
" у ,акчодол ,ясйачак ,йачак ыТ";"йоначсеп";"Ты качай, качайся, лодочка, у";"песчаной";" ";"полосы, за тобой змейки весёлые, отраженья";"Е. Г. Гуро. «Выплывали в море упоенное…» (1910-1913)";"Е. Г. Гуро";"1877";"«Выплывали в море упоенное…»";"1910-1913";"художественная";"";"";"";"2002";"книга";"омонимия не снята";"";"8";"51";"Ты качай, качайся, лодочка, у песчаной полосы, за тобой змейки весёлые, отраженья зацвели.";"2b0a1159e9428d7d262958c0e6fa07c9:5:5"
" ,могротсов илевцаЗ";"мотолоз";"Зацвели восторгом,";"золотом";", ";"звонко-красной полосой.";"Е. Г. Гуро. «Выплывали в море упоенное…» (1910-1913)";"Е. Г. Гуро";"1877";"«Выплывали в море упоенное…»";"1910-1913";"художественная";"";"";"";"2002";"книга";"омонимия не снята";"";"8";"51";"Зацвели восторгом, золотом, звонко-красной полосой. за меня резвися, лодочка, шалопаю велят домой.(1914)";"2b0a1159e9428d7d262958c0e6fa07c9:6:2"
"-окновз ,мотолоз ,могротсов илевцаЗ";"йонсарк";"Зацвели восторгом, золотом, звонко-";"красной";" ";"полосой.";"Е. Г. Гуро. «Выплывали в море упоенное…» (1910-1913)";"Е. Г. Гуро";"1877";"«Выплывали в море упоенное…»";"1910-1913";"художественная";"";"";"";"2002";"книга";"омонимия не снята";"";"8";"51";"Зацвели восторгом, золотом, звонко-красной полосой. за меня резвися, лодочка, шалопаю велят домой.(1914)";"2b0a1159e9428d7d262958c0e6fa07c9:6:4"
" ,йынтупоп ретев ябет ялд гоБ йаД";"йеруБ";"Дай Бог для тебя ветер попутный,";"Бурей";" ";"разбиты они.";"Е. Г. Гуро. «Гордо иду я в пути…» (1910-1913)";"Е. Г. Гуро";"1877";"«Гордо иду я в пути…»";"1910-1913";"художественная";"";"";"";"2002";"книга";"омонимия не снята";"";"9";"42";"Дай Бог для тебя ветер попутный, Бурей разбиты они.";"45326f3ceaa00afc2a7ad4d81c9209fa:4:6"
"";"йынрёЧ";"";"Чёрный";" ";"грозный лес, Лес стоит.";"Е. Г. Гуро. «Звёздочка высока…» (1910-1913)";"Е. Г. Гуро";"1877";"«Звёздочка высока…»";"1910-1913";"художественная";"";"";"";"2002";"книга";"омонимия не снята";"";"8";"54";"Над грозным лесом Она взошла. Чёрный грозный лес, Лес стоит.";"a6136ae70f165818fd8042fcc8d43700:3:0"
" йом В ― :тировоГ";"йынмёт";"Говорит: ― В мой";"тёмный";" ";"знак, Мой тёмный знак не вступай!";"Е. Г. Гуро. «Звёздочка высока…» (1910-1913)";"Е. Г. Гуро";"1877";"«Звёздочка высока…»";"1910-1913";"художественная";"";"";"";"2002";"книга";"омонимия не снята";"";"8";"54";"Говорит: ― В мой тёмный знак, Мой тёмный знак не вступай!";"a6136ae70f165818fd8042fcc8d43700:4:3"
" йоМ ,канз йынмёт йом В ― :тировоГ";"йынмёт";"Говорит: ― В мой тёмный знак, Мой";"тёмный";" ";"знак не вступай!";"Е. Г. Гуро. «Звёздочка высока…» (1910-1913)";"Е. Г. Гуро";"1877";"«Звёздочка высока…»";"1910-1913";"художественная";"";"";"";"2002";"книга";"омонимия не снята";"";"8";"54";"Говорит: ― В мой тёмный знак, Мой тёмный знак не вступай!";"a6136ae70f165818fd8042fcc8d43700:4:6"
" йокат коретев адгоК ";"йылпёт";"Когда ветерок такой";"тёплый";", ";"так его хочется собрать в горсточку";"Е. Г. Гуро. «Когда ветерок такой тёплый…» (1910-1913)";"Е. Г. Гуро";"1877";"«Когда ветерок такой тёплый…»";"1910-1913";"художественная";"";"";"";"2002";"книга";"омонимия не снята";"";"1";"13";"Когда ветерок такой тёплый, так его хочется собрать в горсточку, ― ветерок мой ветерок…";"c5129e9e8beb85f609e555bd13a13889:0:3"
" онжен ястивонатС ,икчотсал тюатеЛ";"мывозор";"Летают ласточки, Становится нежно";"розовым";". ";"";"Е. Г. Гуро. «Море, плавно и блеско…» (1910-1913)";"Е. Г. Гуро";"1877";"«Море, плавно и блеско…»";"1910-1913";"художественная";"";"";"";"2002";"книга";"омонимия не снята";"";"8";"39";"Море, плавно и блеско. Летают ласточки, Становится нежно розовым. Мокнет чалочка, Плывёт рыбалочка, Летогон, летогон, Скалочка!";"43b5673af4174f54d8c6a400f00b703d:1:4"
" ынавосираН ";"еытлеж";"Нарисованы";"желтые";" ";"быки.";"Е. Г. Гуро. «Нарисованы желтые быки. Закоптелые, пропыленные…» (1910-1913)";"Е. Г. Гуро";"1877";"«Нарисованы желтые быки. Закоптелые, пропыленные…»";"1910-1913";"художественная";"";"";"";"2002";"книга";"омонимия не снята";"";"2";"5";"Нарисованы желтые быки.  Закоптелые, пропыленные.";"a54ca1b3b26198ab1207fe9d76a694e2:0:1"
" зи ьсинреВ";"огенис";"Вернись из";"синего";" ";"неба, светлый огонь.";"Е. Г. Гуро. «Охвачена осенью осинка…» (1910-1913)";"Е. Г. Гуро";"1877";"«Охвачена осенью осинка…»";"1910-1913";"художественная";"";"";"";"2002";"книга";"омонимия не снята";"";"6";"29";"Страшно за её душу, С восторгом молю ― вернись. Вернись из синего неба, светлый огонь. Плачу я о тебе, ― о тебе.(1914)";"e7cb049197abfa7a53fbcfe97ce43ae8:4:2"
" ,абен огенис зи ьсинреВ";"йылтевс";"Вернись из синего неба,";"светлый";" ";"огонь.";"Е. Г. Гуро. «Охвачена осенью осинка…» (1910-1913)";"Е. Г. Гуро";"1877";"«Охвачена осенью осинка…»";"1910-1913";"художественная";"";"";"";"2002";"книга";"омонимия не снята";"";"6";"29";"Страшно за её душу, С восторгом молю ― вернись. Вернись из синего неба, светлый огонь. Плачу я о тебе, ― о тебе.(1914)";"e7cb049197abfa7a53fbcfe97ce43ae8:4:4"
" сел янем аз ьтсуп ― ,унатсв ен";"йотолоз";"не встану, ― пусть за меня лес";"золотой";" ";"стоит, ― Лес золотой, Я июньский поденщик";"Е. Г. Гуро. «Пески, досочки…» (1910-1913)";"Е. Г. Гуро";"1877";"«Пески, досочки…»";"1910-1913";"художественная";"";"";"";"2002";"книга";"омонимия не снята";"";"8";"65";"― Шалопай летний, Стой, Юн Июньский, Нет, не встану, ― пусть за меня лес золотой стоит, ― Лес золотой, Я июньский поденщик, У меня плечи ― сила, За плечами широкий мир.";"c58f1fe00e5a3f394e0fb248aa2971d2:5:12"
" сеЛ ― ,тиотс йотолоз сел янем аз";"йотолоз";"за меня лес золотой стоит, ― Лес";"золотой";", ";"Я июньский поденщик, У меня плечи";"Е. Г. Гуро. «Пески, досочки…» (1910-1913)";"Е. Г. Гуро";"1877";"«Пески, досочки…»";"1910-1913";"художественная";"";"";"";"2002";"книга";"омонимия не снята";"";"8";"65";"― Шалопай летний, Стой, Юн Июньский, Нет, не встану, ― пусть за меня лес золотой стоит, ― Лес золотой, Я июньский поденщик, У меня плечи ― сила, За плечами широкий мир.";"c58f1fe00e5a3f394e0fb248aa2971d2:5:15"
" ястюавевзаР ";"еынелез";"Развеваются";"зеленые";" ";"кудри на небе.";"Е. Г. Гуро. «Развеваются зеленые кудри на небе…» (1910-1913)";"Е. Г. Гуро";"1877";"«Развеваются зеленые кудри на небе…»";"1910-1913";"художественная";"";"";"";"2002";"книга";"омонимия не снята";"";"";"19";"Развеваются зеленые кудри на небе. Небо смеется.";"6097667736bf73e4d9f5a1451531f305:0:1"
" в ястущелп ,вокотшгалф хыдрог с ястяуртс";"мобулог";"струятся с гордых флагштоков, плещутся в";"голубом";" ";"ветре.(1914)";"Е. Г. Гуро. «Развеваются зеленые кудри на небе…» (1910-1913)";"Е. Г. Гуро";"1877";"«Развеваются зеленые кудри на небе…»";"1910-1913";"художественная";"";"";"";"2002";"книга";"омонимия не снята";"";"";"19";"Мчатся флаги на дачах, струятся с гордых флагштоков, плещутся в голубом ветре.(1914)";"6097667736bf73e4d9f5a1451531f305:2:10"
" и вогереб хытыбаз У ,киндасилоп яслилавс";"оголтевс";"свалился полисадник, У забытых берегов и";"светлого";" ";"столика, ― рай неизвестный, кем-то одушевлённый.";"Е. Г. Гуро. «Струнной арфой…» (1910-1913)";"Е. Г. Гуро";"1877";"«Струнной арфой…»";"1910-1913";"художественная";"";"";"";"2002";"книга";"омонимия не снята";"";"";"61";"Струнной арфой Касались сосны, где свалился полисадник, У забытых берегов и светлого столика, ― рай неизвестный, кем-то одушевлённый.";"e542f10a4420bc091c5db6339d1a1deb:0:11"
" к теателу оге ашуд ,тёнсаз а";"мылтевс";"а заснёт, душа его улетает к";"светлым";" ";"источникам и в серебряной ряби веселится";"Е. Г. Гуро. «Струнной арфой…» (1910-1913)";"Е. Г. Гуро";"1877";"«Струнной арфой…»";"1910-1913";"художественная";"";"";"";"2002";"книга";"омонимия не снята";"";"";"61";"Пусть к ней придёт вдумчивый, сосредоточенный, кто умеет любить, не знаю кого, ждать, ― не знаю чего, а заснёт, душа его улетает к светлым источникам и в серебряной ряби веселится она.(1914)";"e542f10a4420bc091c5db6339d1a1deb:2:22"
" зИ";"хытлеж";"Из";"желтых";" ";"скуластых времен Радугой Возрождения Перекинулась улыбка";"Е. Г. Гуро. Василий Каменский  («Чарн-чаллы-ай…») (1910-1913)";"Е. Г. Гуро";"1877";"Василий Каменский  («Чарн-чаллы-ай…»)";"1910-1913";"художественная";"";"";"";"2002";"книга";"омонимия не снята";"";"20";"86";"Из желтых скуластых времен Радугой Возрождения Перекинулась улыбка ушкуйника И костлявой шеи местный загар.";"7155987b3d381dece12c28ac7d9e000c:3:1"
" ырвок еихит хамераг В";"имынновреЧ";"В гаремах тихие ковры";"Червонными";" ";"шелками Чуть обвито тело, Как пропасть";"Е. Г. Гуро. Василий Каменский  («Чарн-чаллы-ай…») (1910-1913)";"Е. Г. Гуро";"1877";"Василий Каменский  («Чарн-чаллы-ай…»)";"1910-1913";"художественная";"";"";"";"2002";"книга";"омонимия не снята";"";"20";"86";"В гаремах тихие ковры Червонными шелками Чуть обвито тело, Как пропасть ― смоль волос.";"7155987b3d381dece12c28ac7d9e000c:7:4"
" ипС";"онйокопс";"Спи";"спокойно";",\ ";"Баю-бай, В море канули часы, В";"Е. Г. Гуро. Вечернее  («Покачнулось море…») (1910-1913)";"Е. Г. Гуро";"1877";"Вечернее  («Покачнулось море…»)";"1910-1913";"художественная";"";"";"";"2002";"книга";"омонимия не снята";"";"18";"116";"Спи спокойно,\ Баю-бай, В море канули часы, В море лодка уплыла У сонули рыбака, Прошумела нам сосна, Облака тебе легли, Строятся дворцы вдали, вдали!..(1914)";"a332482c5efb5f7cb36828a69cead18b:17:1"
" и ыньливарп ымьрюТ";"ынйокопс";"Тюрьмы правильны и";"спокойны";". ";"";"Е. Г. Гуро. Город  («Пахнет кровью и позором с бойни…») (1910-1913)";"Е. Г. Гуро";"1877";"Город  («Пахнет кровью и позором с бойни…»)";"1910-1913";"художественная";"";"";"";"2002";"книга";"омонимия не снята";"";"16";"179";"Пахнет кровью и позором с бойни, Собака бесхвостая прижала осмеянный зад к столбу. Тюрьмы правильны и спокойны. Шляпки дамские с цветами в кружевном дымку.";"ee9e0f4e9e6ab14dbdba46860a9cfefe:2:3"
" нолоп сеЛ";"алпет";"Лес полон";"тепла";". ";"";"Е. Г. Гуро. Июнь  («Глубока, глубока синева…») (1910-1913)";"Е. Г. Гуро";"1877";"Июнь  («Глубока, глубока синева…»)";"1910-1913";"художественная";"";"";"";"2002";"книга";"омонимия не снята";"";"6";"27";"Глубока, глубока синева. Лес полон тепла. И хвоя повисла упоенная И чуть звенит от сна.";"1f64dd8cd3135dd94300c3a162307a94:2:2"
" анлоП";"алпет";"Полна";"тепла";", ";"И счастья, И упоения, И восторга.(1914)";"Е. Г. Гуро. Июнь  («Глубока, глубока синева…») (1910-1913)";"Е. Г. Гуро";"1877";"Июнь  («Глубока, глубока синева…»)";"1910-1913";"художественная";"";"";"";"2002";"книга";"омонимия не снята";"";"6";"27";"Полна тепла, И счастья, И упоения, И восторга.(1914)";"1f64dd8cd3135dd94300c3a162307a94:5:1"
" В АВТИЛОМ ";"ЙЫРЕС";"МОЛИТВА В";"СЕРЫЙ";" ";"ДЕНЬ";"Е. Г. Гуро. Молитва в серый день  («Пахнет нежно тиной, тиной…») (1910-1913)";"Е. Г. Гуро";"1877";"Молитва в серый день  («Пахнет нежно тиной, тиной…»)";"1910-1913";"художественная";"";"";"";"2002";"книга";"омонимия не снята";"";"9";"48";"МОЛИТВА В СЕРЫЙ ДЕНЬ Пахнет нежно тиной, тиной.";"2c4929dec4334b92c7cb3b3c0d8b4735:0:2"
" йынрев ежоБ";"йорес";"Боже верный";"серой";" ";"дюны, ты бережёшь твоих серых птичек";"Е. Г. Гуро. Молитва в серый день  («Пахнет нежно тиной, тиной…») (1910-1913)";"Е. Г. Гуро";"1877";"Молитва в серый день  («Пахнет нежно тиной, тиной…»)";"1910-1913";"художественная";"";"";"";"2002";"книга";"омонимия не снята";"";"9";"48";"Боже верный серой дюны, ты бережёшь твоих серых птичек на песке.";"2c4929dec4334b92c7cb3b3c0d8b4735:5:2"
" хиовт ьшёжереб ыт ,ынюд йорес йынрев";"хырес";"верный серой дюны, ты бережёшь твоих";"серых";" ";"птичек на песке.";"Е. Г. Гуро. Молитва в серый день  («Пахнет нежно тиной, тиной…») (1910-1913)";"Е. Г. Гуро";"1877";"Молитва в серый день  («Пахнет нежно тиной, тиной…»)";"1910-1913";"художественная";"";"";"";"2002";"книга";"омонимия не снята";"";"9";"48";"Боже верный серой дюны, ты бережёшь твоих серых птичек на песке.";"2c4929dec4334b92c7cb3b3c0d8b4735:5:7"
" И ИВБЮЛ АВОЛС ";"АЛПЕТ";"СЛОВА ЛЮБВИ И";"ТЕПЛА";" ";"";"Е. Г. Гуро. Слова любви и тепла  («У кота от лени и тепла разошлись ушки…») (1910-1913)";"Е. Г. Гуро";"1877";"Слова любви и тепла  («У кота от лени и тепла разошлись ушки…»)";"1910-1913";"художественная";"";"";"";"2002";"книга";"омонимия не снята";"";"11";"77";"СЛОВА ЛЮБВИ И ТЕПЛА";"5123f53beeca038e806457e2bfaf9c64:0:3"
" и инел то аток У";"алпет";"У кота от лени и";"тепла";" ";"разошлись ушки.";"Е. Г. Гуро. Слова любви и тепла  («У кота от лени и тепла разошлись ушки…») (1910-1913)";"Е. Г. Гуро";"1877";"Слова любви и тепла  («У кота от лени и тепла разошлись ушки…»)";"1910-1913";"художественная";"";"";"";"2002";"книга";"омонимия не снята";"";"11";"77";"У кота от лени и тепла разошлись ушки.";"5123f53beeca038e806457e2bfaf9c64:1:5"
" А[";"имылпёт";"[А";"тёплыми";" ";"словами потому касаюсь жизни, что как";"Е. Г. Гуро. Слова любви и тепла  («У кота от лени и тепла разошлись ушки…») (1910-1913)";"Е. Г. Гуро";"1877";"Слова любви и тепла  («У кота от лени и тепла разошлись ушки…»)";"1910-1913";"художественная";"";"";"";"2002";"книга";"омонимия не снята";"";"11";"77";"[А тёплыми словами потому касаюсь жизни, что как же иначе касаться раненого?";"5123f53beeca038e806457e2bfaf9c64:7:1"
" кат мавтсещус месв ,ястежак енМ ";"ондолох";"Мне кажется, всем существам так";"холодно";", ";"так холодно.";"Е. Г. Гуро. Слова любви и тепла  («У кота от лени и тепла разошлись ушки…») (1910-1913)";"Е. Г. Гуро";"1877";"Слова любви и тепла  («У кота от лени и тепла разошлись ушки…»)";"1910-1913";"художественная";"";"";"";"2002";"книга";"омонимия не снята";"";"11";"77";"Мне кажется, всем существам так холодно, так холодно.";"5123f53beeca038e806457e2bfaf9c64:8:5"
" кат ,ондолох кат мавтсещус месв ,ястежак";"ондолох";"кажется, всем существам так холодно, так";"холодно";".  ";"";"Е. Г. Гуро. Слова любви и тепла  («У кота от лени и тепла разошлись ушки…») (1910-1913)";"Е. Г. Гуро";"1877";"Слова любви и тепла  («У кота от лени и тепла разошлись ушки…»)";"1910-1913";"художественная";"";"";"";"2002";"книга";"омонимия не снята";"";"11";"77";"Мне кажется, всем существам так холодно, так холодно.";"5123f53beeca038e806457e2bfaf9c64:8:7"
" ";"йотолоЗ";"";"Золотой";" ";"луч запутался в прутиках и остался";"Е. Г. Гуро. «Золотой луч запутался в прутиках и остался надолго. Не торопится уйти…» (1909-1913)";"Е. Г. Гуро";"1877";"«Золотой луч запутался в прутиках и остался надолго. Не торопится уйти…»";"1909-1913";"художественная";"";"";"";"2002";"книга";"омонимия не снята";"";"2";"11";"Золотой луч запутался в прутиках и остался надолго.";"ee84d1555dba067276ee46a0351cf1e4:0:0"
" еытурк ,агенс огешвяатто зИ ";"еынреч";"Из оттаявшего снега, крутые";"черные";" ";"ребра лодок.";"Е. Г. Гуро. «Из оттаявшего снега, крутые черные ребра лодок…» (1909-1913)";"Е. Г. Гуро";"1877";"«Из оттаявшего снега, крутые черные ребра лодок…»";"1909-1913";"художественная";"";"";"";"2002";"книга";"омонимия не снята";"";"1";"7";"Из оттаявшего снега, крутые черные ребра лодок.";"df5aeb4307e0c12ecdf9bb4a01534a73:0:4"
" худзов марту оП ";"йылеб";"По утрам воздух";"белый";", ";"туманный от сжимающегося холода.";"Е. Г. Гуро. «По утрам воздух белый, туманный от сжимающегося холода…» (1909-1913)";"Е. Г. Гуро";"1877";"«По утрам воздух белый, туманный от сжимающегося холода…»";"1909-1913";"художественная";"";"";"";"2002";"книга";"омонимия не снята";"";"1";"8";"По утрам воздух белый, туманный от сжимающегося холода.";"76d4178a8a4a563048cfa7679ac48408:0:3"
" тижел но :одан ен ,етидж еН";"онйокопс";"Не ждите, не надо: он лежит";"спокойно";" ― ";"Это ничего.***";"Е. Г. Гуро. «Вот и лег утихший, хороший…» (1912)";"Е. Г. Гуро";"1877";"«Вот и лег утихший, хороший…»";"1912";"художественная";"";"";"";"2002";"книга";"омонимия не снята";"";"18";"146";"Не ждите, не надо: он лежит спокойно ― Это ничего.***";"e57637ecfc6da153bc428dfc697dce86:15:6"
"-онрокоп сач ,ееннесо орту в оН";"йынделб";"Но в утро осеннее, час покорно-";"бледный";", ";"Пусть узнают, жизнь кому, Как жил";"Е. Г. Гуро. «Вот и лег утихший, хороший…» (1912)";"Е. Г. Гуро";"1877";"«Вот и лег утихший, хороший…»";"1912";"художественная";"";"";"";"2002";"книга";"омонимия не снята";"";"18";"146";"Но в утро осеннее, час покорно-бледный, Пусть узнают, жизнь кому, Как жил на свете рыцарь бедный И ясным утром отошел ко сну.";"e57637ecfc6da153bc428dfc697dce86:16:6"
" жем обен еокьнелам :окшоко еокосыв еовс";"хынмет";"свое высокое окошко: маленькое небо меж";"темных";" ";"ветвей, никогда не обманула, ― ни в";"Е. Г. Гуро. Вдруг весеннее  («Земля дышала ивами в близкое небо…») (1912)";"Е. Г. Гуро";"1877";"Вдруг весеннее  («Земля дышала ивами в близкое небо…»)";"1912";"художественная";"";"";"";"2002";"книга";"омонимия не снята";"";"5";"55";"Верила в свое высокое окошко: маленькое небо меж темных ветвей, никогда не обманула, ― ни в чем не виновна, и вот она спит и дышит…";"ced2111609092d16e848fd46755c45fe:3:8"
" и";"олпет";"и";"тепло";".(1912)  ";"";"Е. Г. Гуро. Вдруг весеннее  («Земля дышала ивами в близкое небо…») (1912)";"Е. Г. Гуро";"1877";"Вдруг весеннее  («Земля дышала ивами в близкое небо…»)";"1912";"художественная";"";"";"";"2002";"книга";"омонимия не снята";"";"5";"55";"и тепло.(1912)";"ced2111609092d16e848fd46755c45fe:4:1"
" а ― ,ьлачеп ен ьлачеп И алшото";"йинис";"отошла И печаль не печаль, ― а";"синий";" ";"цветок.";"Е. Г. Гуро. Звенят кузнечики  («Звени, звени, моя осень…») (1912)";"Е. Г. Гуро";"1877";"Звенят кузнечики  («Звени, звени, моя осень…»)";"1912";"художественная";"";"";"";"2002";"книга";"омонимия не снята";"";"11";"120";"Знаю я, отчего сердце кончалося ― А кончина его не страшна ― Отчего печаль перегрустнулась и отошла И печаль не печаль, ― а синий цветок.";"5c987e3c18e6413f9096931b6f78c50d:3:20"
" зи тоВ";"огонсарк";"Вот из";"красного";" ";"уха мужчины вышло облако и часть";"Е. Г. Гуро. Финская мелодия  («Над нами, фрачными, корсетными, крахмальными…») (1912)";"Е. Г. Гуро";"1877";"Финская мелодия  («Над нами, фрачными, корсетными, крахмальными…»)";"1912";"художественная";"";"";"";"2002";"книга";"омонимия не снята";"";"37";"250";"Вот из красного уха мужчины вышло облако и часть леса, а женщина выпустила из головы сосны, а я дорогу и парня в валенках.";"7cd20b6aa8d827f810f92dec5c999dd0:5:2"
" липот ебет Я";"олпет";"Я тебе топил";"тепло";" ";"печку, а у тебя для моего";"Е. Г. Гуро. Финская мелодия  («Над нами, фрачными, корсетными, крахмальными…») (1912)";"Е. Г. Гуро";"1877";"Финская мелодия  («Над нами, фрачными, корсетными, крахмальными…»)";"1912";"художественная";"";"";"";"2002";"книга";"омонимия не снята";"";"37";"250";"Я тебе топил тепло печку, а у тебя для моего топорища руки малы.";"7cd20b6aa8d827f810f92dec5c999dd0:21:3"
" В ";"молеб";"В";"белом";" ";"зале, обиженном папиросами Комиссионеров, разбившихся по";"Е. Г. Гуро. «В белом зале, обиженном папиросами…» (1910)";"Е. Г. Гуро";"1877";"«В белом зале, обиженном папиросами…»";"1910";"художественная";"";"";"";"2002";"книга";"омонимия не снята";"";"10";"129";"В белом зале, обиженном папиросами Комиссионеров, разбившихся по столам: На стене распятая фреска, Обнаженная безучастным глазам.";"b77f3e1bab13bb7ecca51ad9fa4a1d03:0:1"
" йикелад дас ан ажохоп анО";"хылеБ";"Она похожа на сад далекий";"Белых";" ";"ангелов ― нет одна ― Как лишенная престола";"Е. Г. Гуро. «В белом зале, обиженном папиросами…» (1910)";"Е. Г. Гуро";"1877";"«В белом зале, обиженном папиросами…»";"1910";"художественная";"";"";"";"2002";"книга";"омонимия не снята";"";"10";"129";"Она похожа на сад далекий Белых ангелов ― нет одна ― Как лишенная престола царевна, Она будет молчать и она бледна.";"b77f3e1bab13bb7ecca51ad9fa4a1d03:1:5"
" ано и ьтачлом тедуб анО ,анверац";"анделб";"царевна, Она будет молчать и она";"бледна";".  ";"";"Е. Г. Гуро. «В белом зале, обиженном папиросами…» (1910)";"Е. Г. Гуро";"1877";"«В белом зале, обиженном папиросами…»";"1910";"художественная";"";"";"";"2002";"книга";"омонимия не снята";"";"10";"129";"Она похожа на сад далекий Белых ангелов ― нет одна ― Как лишенная престола царевна, Она будет молчать и она бледна.";"b77f3e1bab13bb7ecca51ad9fa4a1d03:1:18"
" в аксерФ теат отч ,ьтинмопсв одаН";"йонйефок";"Надо вспомнить, что тает Фреска в";"кофейной";", ";"И фонарь в переулке светит Как";"Е. Г. Гуро. «В белом зале, обиженном папиросами…» (1910)";"Е. Г. Гуро";"1877";"«В белом зале, обиженном папиросами…»";"1910";"художественная";"";"";"";"2002";"книга";"омонимия не снята";"";"10";"129";"Но тем, ― кто приходит сюда,― Сберечь жизни ― И представить их души в горницу Христа ― Надо вспомнить, что тает Фреска в кофейной, И фонарь в переулке светит Как звезда.(1910)";"b77f3e1bab13bb7ecca51ad9fa4a1d03:9:20"
" иледнерк в илИ";"еижыр";"Или в крендели";"рыжие";" ";"и веселые, Прутики в стеклянном небе";"Е. Г. Гуро. Ветер  («Радость летает на крыльях…») (1910)";"Е. Г. Гуро";"1877";"Ветер  («Радость летает на крыльях…»)";"1910";"художественная";"";"";"";"2002";"книга";"омонимия не снята";"";"11";"63";"Или в крендели рыжие и веселые, Прутики в стеклянном небе голые.";"b9c89684d2de9a0d98072598dfa793d3:5:3"
" ,еолат ретеВ";"еорес";"Ветер талое,";"серое";" ";"небо рвал, ветер по городу летал";"Е. Г. Гуро. «Говорил испуганный человек…» (1909)";"Е. Г. Гуро";"1877";"«Говорил испуганный человек…»";"1909";"художественная";"";"";"";"2002";"книга";"омонимия не снята";"";"19";"164";"Ветер талое, серое небо рвал, ветер по городу летал; уничтожал тупики, стены.";"41fd9f0b2357b2f418835492262c05f8:16:2"
" аз ьсалелпоП ,ажорд овилсурт ,яатибоп акночабос";"мылксут";"собачонка побитая, трусливо дрожа, Поплелась за";"тусклым";" ";"прохожим.";"Е. Г. Гуро. «Сильный, красивый, богатый…» (1909)";"Е. Г. Гуро";"1877";"«Сильный, красивый, богатый…»";"1909";"художественная";"";"";"";"2002";"книга";"омонимия не снята";"";"12";"72";"И тогда, как собачонка побитая, трусливо дрожа, Поплелась за тусклым прохожим.";"e1b17ba952bbd90e94fb8665c6408d80:10:9"
" хакур В";"яатолоз";"В руках";"золотая";" ";"арфа, на ней зелёные птички, на";"Е. Г. Гуро. Готическая миниатюра  («В пирном сводчатом зале…») (1909)";"Е. Г. Гуро";"1877";"Готическая миниатюра  («В пирном сводчатом зале…»)";"1909";"художественная";"";"";"";"2002";"книга";"омонимия не снята";"";"12";"142";"В руках золотая арфа, на ней зелёные птички, на платье его тёмносинем золоченые пчелки.";"80dbe400d0003d4a08219dcd68496a2d:2:2"
" йен ан ,афра яатолоз хакур В";"еынёлез";"В руках золотая арфа, на ней";"зелёные";" ";"птички, на платье его тёмносинем золоченые";"Е. Г. Гуро. Готическая миниатюра  («В пирном сводчатом зале…») (1909)";"Е. Г. Гуро";"1877";"Готическая миниатюра  («В пирном сводчатом зале…»)";"1909";"художественная";"";"";"";"2002";"книга";"омонимия не снята";"";"12";"142";"В руках золотая арфа, на ней зелёные птички, на платье его тёмносинем золоченые пчелки.";"80dbe400d0003d4a08219dcd68496a2d:2:6"
"-еннесев онбодоп и ,ирацыр еындорогалб могурк";"мылеб";"кругом благородные рыцари, и подобно весенне-";"белым";" ";"цветам красоты нежнейшей, замирая, внимают дамы";"Е. Г. Гуро. Готическая миниатюра  («В пирном сводчатом зале…») (1909)";"Е. Г. Гуро";"1877";"Готическая миниатюра  («В пирном сводчатом зале…»)";"1909";"художественная";"";"";"";"2002";"книга";"омонимия не снята";"";"12";"142";"И, цвет христианских держав, кругом благородные рыцари, и подобно весенне-белым цветам красоты нежнейшей, замирая, внимают дамы, сжав лилейно-тонкие руки.";"80dbe400d0003d4a08219dcd68496a2d:3:10"
" ьсилсеноп :мануртс миктуч оп тидоворп нО";"еылеб";"Он проводит по чутким струнам: понеслись";"белые";" ";"кони.";"Е. Г. Гуро. Готическая миниатюра  («В пирном сводчатом зале…») (1909)";"Е. Г. Гуро";"1877";"Готическая миниатюра  («В пирном сводчатом зале…»)";"1909";"художественная";"";"";"";"2002";"книга";"омонимия не снята";"";"12";"142";"Он проводит по чутким струнам: понеслись белые кони.";"80dbe400d0003d4a08219dcd68496a2d:4:6"
" оп тидоворп нО";"мылтевс";"Он проводит по";"светлым";" ";"струнам: расцвели красные розы.";"Е. Г. Гуро. Готическая миниатюра  («В пирном сводчатом зале…») (1909)";"Е. Г. Гуро";"1877";"Готическая миниатюра  («В пирном сводчатом зале…»)";"1909";"художественная";"";"";"";"2002";"книга";"омонимия не снята";"";"12";"142";"Он проводит по светлым струнам: расцвели красные розы.";"80dbe400d0003d4a08219dcd68496a2d:5:3"
" илевцсар :мануртс мылтевс оп тидоворп нО";"еынсарк";"Он проводит по светлым струнам: расцвели";"красные";" ";"розы.";"Е. Г. Гуро. Готическая миниатюра  («В пирном сводчатом зале…») (1909)";"Е. Г. Гуро";"1877";"Готическая миниатюра  («В пирном сводчатом зале…»)";"1909";"художественная";"";"";"";"2002";"книга";"омонимия не снята";"";"12";"142";"Он проводит по светлым струнам: расцвели красные розы.";"80dbe400d0003d4a08219dcd68496a2d:5:6"
" ичон ьдерс и ― ,лепаз нО";"йенис";"Он запел, ― и средь ночи";"синей";" ";"родилось весеннее утро.";"Е. Г. Гуро. Готическая миниатюра  («В пирном сводчатом зале…») (1909)";"Е. Г. Гуро";"1877";"Готическая миниатюра  («В пирном сводчатом зале…»)";"1909";"художественная";"";"";"";"2002";"книга";"омонимия не снята";"";"12";"142";"Он запел, ― и средь ночи синей родилось весеннее утро.";"80dbe400d0003d4a08219dcd68496a2d:8:5"
" ыдзевз тятселб окосыВ";"йотолоЗ";"Высоко блестят звезды";"Золотой";" ";"бумаги, И дерутся два паяца, Скрестив";"Е. Г. Гуро. Детская шарманочка  («С ледяных сосулек искорки…») (1909)";"Е. Г. Гуро";"1877";"Детская шарманочка  («С ледяных сосулек искорки…»)";"1909";"художественная";"";"";"";"2002";"книга";"омонимия не снята";"";"10";"95";"Высоко блестят звезды Золотой бумаги, И дерутся два паяца, Скрестив шпаги.";"2cc1ec868a089faae8e711babf8288d6:5:3"
" и мылгурК мером аз окелад ,окелаД";"мыбулог";"Далеко, далеко за морем Круглым и";"голубым";" ";"Рдеют апельсины Под месяцем золотым.";"Е. Г. Гуро. Детская шарманочка  («С ледяных сосулек искорки…») (1909)";"Е. Г. Гуро";"1877";"Детская шарманочка  («С ледяных сосулек искорки…»)";"1909";"художественная";"";"";"";"2002";"книга";"омонимия не снята";"";"10";"95";"Арлекин поет песенку: ― Далеко, далеко за морем Круглым и голубым Рдеют апельсины Под месяцем золотым.";"2cc1ec868a089faae8e711babf8288d6:6:9"
" мецясем доП ынисьлепа тюедР мыбулог и";"мытолоз";"и голубым Рдеют апельсины Под месяцем";"золотым";".  ";"";"Е. Г. Гуро. Детская шарманочка  («С ледяных сосулек искорки…») (1909)";"Е. Г. Гуро";"1877";"Детская шарманочка  («С ледяных сосулек искорки…»)";"1909";"художественная";"";"";"";"2002";"книга";"омонимия не снята";"";"10";"95";"Арлекин поет песенку: ― Далеко, далеко за морем Круглым и голубым Рдеют апельсины Под месяцем золотым.";"2cc1ec868a089faae8e711babf8288d6:6:14"
" тядялг И";"еинис";"И глядят";"синие";" ";"звезды На счастливые мандарины И смеются";"Е. Г. Гуро. Детская шарманочка  («С ледяных сосулек искорки…») (1909)";"Е. Г. Гуро";"1877";"Детская шарманочка  («С ледяных сосулек искорки…»)";"1909";"художественная";"";"";"";"2002";"книга";"омонимия не снята";"";"10";"95";"И глядят синие звезды На счастливые мандарины И смеются блесткам золотым Под бряцанье мандолины.(1909)";"2cc1ec868a089faae8e711babf8288d6:9:2"
" мактселб ястюемс И ынираднам еывилтсачс аН";"мытолоз";"На счастливые мандарины И смеются блесткам";"золотым";" ";"Под бряцанье мандолины.(1909)";"Е. Г. Гуро. Детская шарманочка  («С ледяных сосулек искорки…») (1909)";"Е. Г. Гуро";"1877";"Детская шарманочка  («С ледяных сосулек искорки…»)";"1909";"художественная";"";"";"";"2002";"книга";"омонимия не снята";"";"10";"95";"И глядят синие звезды На счастливые мандарины И смеются блесткам золотым Под бряцанье мандолины.(1909)";"2cc1ec868a089faae8e711babf8288d6:9:10"
" ястялевеш инет в а ;тущеперт имактеном";"еынмет";"монетками трепещут; а в тени шевелятся";"темные";" ";"созданья: это тени чертят на листве";"Е. Г. Гуро. Днём  («Прядки на березе разовьются, вьются…») (1909)";"Е. Г. Гуро";"1877";"Днём  («Прядки на березе разовьются, вьются…»)";"1909";"художественная";"";"";"";"2002";"книга";"омонимия не снята";"";"10";"102";"Прядки освещенные монетками трепещут; а в тени шевелятся темные созданья: это тени чертят на листве узоры.";"b77b9c25332d4378296594d76b43fb3d:2:8"
"-овиргонмет юувеоб ьдашол в ьсалитарверп ;ымад";"юунелез";"дамы; превратилась в лошадь боевую темногриво-";"зеленую";"…  ";"";"Е. Г. Гуро. Днём  («Прядки на березе разовьются, вьются…») (1909)";"Е. Г. Гуро";"1877";"Днём  («Прядки на березе разовьются, вьются…»)";"1909";"художественная";"";"";"";"2002";"книга";"омонимия не снята";"";"10";"102";"Размахнулся нос у важной дамы; превратилась в лошадь боевую темногриво-зеленую…";"b77b9c25332d4378296594d76b43fb3d:4:10"
" абен илкетоп икчотсил в и ;ьсалавозарбо";"еылтевс";"образовалась; и в листочки потекли неба";"светлые";" ";"озера, неба светлые кружки: озеро в";"Е. Г. Гуро. Днём  («Прядки на березе разовьются, вьются…») (1909)";"Е. Г. Гуро";"1877";"Днём  («Прядки на березе разовьются, вьются…»)";"1909";"художественная";"";"";"";"2002";"книга";"омонимия не снята";"";"10";"102";"Расширялась, расширялась, и венком образовалась; и в листочки потекли неба светлые озера, неба светлые кружки: озеро в венке качается…";"b77b9c25332d4378296594d76b43fb3d:6:10"
" абен ,арезо еылтевс абен илкетоп икчотсил";"еылтевс";"листочки потекли неба светлые озера, неба";"светлые";" ";"кружки: озеро в венке качается…";"Е. Г. Гуро. Днём  («Прядки на березе разовьются, вьются…») (1909)";"Е. Г. Гуро";"1877";"Днём  («Прядки на березе разовьются, вьются…»)";"1909";"художественная";"";"";"";"2002";"книга";"омонимия не снята";"";"10";"102";"Расширялась, расширялась, и венком образовалась; и в листочки потекли неба светлые озера, неба светлые кружки: озеро в венке качается…";"b77b9c25332d4378296594d76b43fb3d:6:13"
" хи ,яьнедив ужелс я инет йещюат";"еынелез";"тающей тени я слежу виденья, их";"зеленые";" ";"кивки, маски и движенья, лёжа в";"Е. Г. Гуро. Днём  («Прядки на березе разовьются, вьются…») (1909)";"Е. Г. Гуро";"1877";"Днём  («Прядки на березе разовьются, вьются…»)";"1909";"художественная";"";"";"";"2002";"книга";"омонимия не снята";"";"10";"102";"В летней тающей тени я слежу виденья, их зеленые кивки, маски и движенья, лёжа в счастьи солнечной поры.(1909)";"b77b9c25332d4378296594d76b43fb3d:9:8"
" ежУ";"еылеб";"Уже";"белые";" ";"платьица мелькали, Уж косые лучи хотели";"Е. Г. Гуро. Едкое  («Пригласили! Наконец-то пригласили…») (1909)";"Е. Г. Гуро";"1877";"Едкое  («Пригласили! Наконец-то пригласили…»)";"1909";"художественная";"";"";"";"2002";"книга";"омонимия не снята";"";"21";"113";"Уже белые платьица мелькали, Уж косые лучи хотели счастья.";"d1c2dad097ec00d4d3f71356dd052716:5:1"
" лыб кожул ,йынешарк онволС ,пил уджеМ";"йынелез";"Между лип, Словно крашеный, лужок был";"зеленый";"!  ";"";"Е. Г. Гуро. Едкое  («Пригласили! Наконец-то пригласили…») (1909)";"Е. Г. Гуро";"1877";"Едкое  («Пригласили! Наконец-то пригласили…»)";"1909";"художественная";"";"";"";"2002";"книга";"омонимия не снята";"";"21";"113";"Между лип, Словно крашеный, лужок был зеленый!";"d1c2dad097ec00d4d3f71356dd052716:7:6"
" ясилидохсар ,хирнеГ ьрацыр лапорп каК";"еынмет";"Как пропал рыцарь Генрих, расходилися";"темные";" ";"силы, души Сарацинов неверных: скалы грызут";"Е. Г. Гуро. Из средневековья  («В небе колючие звезды…») (1909)";"Е. Г. Гуро";"1877";"Из средневековья  («В небе колючие звезды…»)";"1909";"художественная";"";"";"";"2002";"книга";"омонимия не снята";"";"16";"130";"Как пропал рыцарь Генрих, расходилися темные силы, души Сарацинов неверных: скалы грызут зубами, скрежещут и воют.";"1b7f51fe143c5ed6bd3a996cc1ae1396:5:5"
" молегнА« ";"мылеб";"«Ангелом";"белым";" ";"Пречистая Лилия, ты, безгрешная Жертва Вечерняя";"Е. Г. Гуро. Из средневековья  («В небе колючие звезды…») (1909)";"Е. Г. Гуро";"1877";"Из средневековья  («В небе колючие звезды…»)";"1909";"художественная";"";"";"";"2002";"книга";"омонимия не снята";"";"16";"130";"«Ангелом белым Пречистая Лилия, ты, безгрешная Жертва Вечерняя, Роза Эдемская, Елизавета!»";"1b7f51fe143c5ed6bd3a996cc1ae1396:6:1"
" йовт легна ябет сан аз тилоМ";"йылеб";"Молит за нас тебя ангел твой";"белый";", «";"наша заступница «Елизавета!";"Е. Г. Гуро. Из средневековья  («В небе колючие звезды…») (1909)";"Е. Г. Гуро";"1877";"Из средневековья  («В небе колючие звезды…»)";"1909";"художественная";"";"";"";"2002";"книга";"омонимия не снята";"";"16";"130";"«Молит за нас тебя ангел твой белый, «наша заступница «Елизавета!";"1b7f51fe143c5ed6bd3a996cc1ae1396:9:6"
" ьтсалв ,ьнигС« ";"яанмет";"«Сгинь, власть";"темная";" «";"от гроба непорочного.";"Е. Г. Гуро. Из средневековья  («В небе колючие звезды…») (1909)";"Е. Г. Гуро";"1877";"Из средневековья  («В небе колючие звезды…»)";"1909";"художественная";"";"";"";"2002";"книга";"омонимия не снята";"";"16";"130";"«Сгинь, власть темная «от гроба непорочного.  «Свечи четыре ― «Пречистый Крест «и лилии ― лилии, «молитвы христианские!»………………..";"1b7f51fe143c5ed6bd3a996cc1ae1396:10:2"
" в тюакьлем етолоб в икьногО";"йотиводя";"Огоньки в болоте мелькают в";"ядовитой";" ";"притихшей тине.";"Е. Г. Гуро. Из средневековья  («В небе колючие звезды…») (1909)";"Е. Г. Гуро";"1877";"Из средневековья  («В небе колючие звезды…»)";"1909";"художественная";"";"";"";"2002";"книга";"омонимия не снята";"";"16";"130";"Огоньки в болоте мелькают в ядовитой притихшей тине.";"1b7f51fe143c5ed6bd3a996cc1ae1396:12:5"
"";"микрЯ";"";"Ярким";" ";"огнем горит рампа.";"Е. Г. Гуро. Скука  («В черноте горячей листвы…») (1909)";"Е. Г. Гуро";"1877";"Скука  («В черноте горячей листвы…»)";"1909";"художественная";"";"";"";"2002";"книга";"омонимия не снята";"";"22";"125";"В шарманке вертятся, гудят, ревут валики. Ярким огнем горит рампа.";"1b93c48debaa1fd0aaa8de5f95436268:3:0"
" реев йовс тилевеш ettereiP";"йынреч";"Pierette шевелит свой веер";"черный";". ";"";"Е. Г. Гуро. Скука  («В черноте горячей листвы…») (1909)";"Е. Г. Гуро";"1877";"Скука  («В черноте горячей листвы…»)";"1909";"художественная";"";"";"";"2002";"книга";"омонимия не снята";"";"22";"125";"Над забытым столиком, в саду, фонарь или лампа. Pierette шевелит свой веер черный. Конфетти шуршит в аллейке сорной.";"1b93c48debaa1fd0aaa8de5f95436268:5:4"
" мат ястеачнев мераноф С";"яанреч";"С фонарем венчается там";"черная";" ";"ночь лета.";"Е. Г. Гуро. Скука  («В черноте горячей листвы…») (1909)";"Е. Г. Гуро";"1877";"Скука  («В черноте горячей листвы…»)";"1909";"художественная";"";"";"";"2002";"книга";"омонимия не снята";"";"22";"125";"С фонарем венчается там черная ночь лета.";"1b93c48debaa1fd0aaa8de5f95436268:17:4"
" ,япос и ятсивс ,ьсаливзВ";"яансарк";"Взвилась, свистя и сопя,";"красная";" ";"ракета.";"Е. Г. Гуро. Скука  («В черноте горячей листвы…») (1909)";"Е. Г. Гуро";"1877";"Скука  («В черноте горячей листвы…»)";"1909";"художественная";"";"";"";"2002";"книга";"омонимия не снята";"";"22";"125";"Взвилась, свистя и сопя, красная ракета.";"1b93c48debaa1fd0aaa8de5f95436268:18:4"
" кираноф ,хА ― ";"йывежнаро";"― Ах, фонарик";"оранжевый";", ― ";"приди! ―";"Е. Г. Гуро. Скука  («В черноте горячей листвы…») (1909)";"Е. Г. Гуро";"1877";"Скука  («В черноте горячей листвы…»)";"1909";"художественная";"";"";"";"2002";"книга";"омонимия не снята";"";"22";"125";"― Ах, фонарик оранжевый, ― приди! ―";"1b93c48debaa1fd0aaa8de5f95436268:19:2"
" В";"хынтевцонзар";"В";"разноцветных";" ";"зайчиках горит его лицо.(1909)";"Е. Г. Гуро. Скука  («В черноте горячей листвы…») (1909)";"Е. Г. Гуро";"1877";"Скука  («В черноте горячей листвы…»)";"1909";"художественная";"";"";"";"2002";"книга";"омонимия не снята";"";"22";"125";"Плачет глупый Пьерро. В разноцветных зайчиках горит его лицо.(1909)";"1b93c48debaa1fd0aaa8de5f95436268:21:1"
" тедйыВ";"ончармус";"Выйдет";"сумрачно";" ― ";"пышно одета, только шлейфом скользнет по";"Е. Г. Гуро. Старый романс  («Подана осторожно карета…») (1909)";"Е. Г. Гуро";"1877";"Старый романс  («Подана осторожно карета…»)";"1909";"художественная";"";"";"";"2002";"книга";"омонимия не снята";"";"9";"93";"Выйдет сумрачно ― пышно одета, только шлейфом скользнет по коврам.";"83df8d2dd0f4dd82c0ff8e25644de10e:2:1"
" ястунатсо И";"еырес";"И останутся";"серые";" ";"свечи, перед зеркалом ежить лучи.";"Е. Г. Гуро. Старый романс  («Подана осторожно карета…») (1909)";"Е. Г. Гуро";"1877";"Старый романс  («Подана осторожно карета…»)";"1909";"художественная";"";"";"";"2002";"книга";"омонимия не снята";"";"9";"93";"И останутся серые свечи, перед зеркалом ежить лучи.";"83df8d2dd0f4dd82c0ff8e25644de10e:3:2"
" от-отк тедйодоП";"йылеб";"Подойдет кто-то";"белый";", ";"белый, в отраженья свечой взойдет.";"Е. Г. Гуро. Старый романс  («Подана осторожно карета…») (1909)";"Е. Г. Гуро";"1877";"Старый романс  («Подана осторожно карета…»)";"1909";"художественная";"";"";"";"2002";"книга";"омонимия не снята";"";"9";"93";"Подойдет кто-то белый, белый, в отраженья свечой взойдет.";"83df8d2dd0f4dd82c0ff8e25644de10e:6:2"
" ,йылеб от-отк тедйодоП";"йылеб";"Подойдет кто-то белый,";"белый";", ";"в отраженья свечой взойдет.";"Е. Г. Гуро. Старый романс  («Подана осторожно карета…») (1909)";"Е. Г. Гуро";"1877";"Старый романс  («Подана осторожно карета…»)";"1909";"художественная";"";"";"";"2002";"книга";"омонимия не снята";"";"9";"93";"Подойдет кто-то белый, белый, в отраженья свечой взойдет.";"83df8d2dd0f4dd82c0ff8e25644de10e:6:3"
" в тедуб йоннелпорко ираз од мат";"монмет";"там до зари окропленной будет в";"темном";" ";"углу поджидать, и с улыбкой бледно";"Е. Г. Гуро. Старый романс  («Подана осторожно карета…») (1909)";"Е. Г. Гуро";"1877";"Старый романс  («Подана осторожно карета…»)";"1909";"художественная";"";"";"";"2002";"книга";"омонимия не снята";"";"9";"93";"Кто-то там до зари окропленной будет в темном углу поджидать, и с улыбкой бледно-принужденной в полусумраке утра встречать.";"83df8d2dd0f4dd82c0ff8e25644de10e:7:7"
" йокбылу с и ,ьтадиждоп улгу монмет";"онделб";"темном углу поджидать, и с улыбкой";"бледно";"-";"принужденной в полусумраке утра встречать.";"Е. Г. Гуро. Старый романс  («Подана осторожно карета…») (1909)";"Е. Г. Гуро";"1877";"Старый романс  («Подана осторожно карета…»)";"1909";"художественная";"";"";"";"2002";"книга";"омонимия не снята";"";"9";"93";"Кто-то там до зари окропленной будет в темном углу поджидать, и с улыбкой бледно-принужденной в полусумраке утра встречать.";"83df8d2dd0f4dd82c0ff8e25644de10e:7:13"
